{
  "metadata": {
    "schemaVersion": "1.0",
    "importType": "LEX",
    "importFormat": "JSON"
  },
  "resource": {
    "description": "Inquire about margin trading for bitcoin or ethereum",
    "name": "marginTrading",
    "version": "1",
    "enumerationValues": [
      {
        "value": "No",
        "synonyms": [
          "No"
        ]
      },
      {
        "value": "Yes",
        "synonyms": [
          "Yes"
        ]
      }
    ],
    "valueSelectionStrategy": "TOP_RESOLUTION"
  }
}