{
  "metadata": {
    "schemaVersion": "1.0",
    "importType": "LEX",
    "importFormat": "JSON"
  },
  "resource": {
    "description": "Learn more about Bitcoin or Ethereum predicted prices",
    "name": "cryptoCoin",
    "version": "1",
    "enumerationValues": [
      {
        "value": "Bitcoin",
        "synonyms": [
          "Bitcoin"
        ]
      },
      {
        "value": "Ethereum",
        "synonyms": [
          "Ethereum"
        ]
      }
    ],
    "valueSelectionStrategy": "TOP_RESOLUTION"
  }
}